{"results": {"loss/edit_val": 0.6293828394205775, "loss/loc_val": 0.002774337900336832, "edit/acc_val": 0.9375, "edit/log_prob_val": -0.6293828394205775, "edit/prob_val": 0.9353484451770783, "acc/pre_val": 0.011770833376795053, "acc/post_val": 0.011770833376795053, "nll/pre_val": 16.164670944213867, "perplexity/pre_val": 10476764.0, "nll/post_val": 13.569269180297852, "perplexity/post_val": 781733.1875, "n_tokens/pre_val": 29.600000381469727, "n_tokens/post_val": 29.600000381469727, "time/edit_val": 0.0047734081745147705, "loss/total_val": 0.06571262216893956, "loss/total_edit_val": 0.06571262216893956, "memory/alloc_max_val": 19916198745.6, "memory/res_max_val": 20522729472.0, "eval_time/elapsed": 14.024044275283813, "eval_time/average": 0.35060110688209534}}